typeID,activityID,materialTypeID,quantity,time
683,8,20416,2,63900
683,8,25887,2,63900
684,8,20411,2,63900
684,8,25887,2,63900
685,8,20418,2,63900
685,8,25887,2,63900
686,8,20416,8,128100
686,8,25887,8,128100
687,8,20411,8,128100
687,8,25887,8,128100
688,8,20411,32,192000
688,8,25887,32,192000
689,8,20172,2,63900
689,8,20411,2,63900
690,8,20172,2,63900
690,8,20414,2,63900
691,8,20172,2,63900
691,8,20424,2,63900
692,8,20172,8,128100
692,8,20411,8,128100
693,8,20172,32,192000
693,8,20411,32,192000
785,8,20424,2,13800
785,8,20413,2,13800
786,8,20423,1,13800
786,8,20420,1,13800
788,8,20423,2,30900
788,8,20420,2,30900
790,8,20423,3,51000
790,8,20420,3,51000
803,8,20418,1,68100
803,8,20420,1,68100
804,8,20418,1,68100
804,8,20420,1,68100
805,8,20418,1,68100
805,8,20420,1,68100
806,8,20418,1,68100
806,8,20420,1,68100
807,8,20418,1,45600
807,8,20420,1,45600
808,8,20418,1,45600
808,8,20420,1,45600
809,8,20418,1,45600
809,8,20420,1,45600
810,8,20418,1,45600
810,8,20420,1,45600
811,8,20418,1,22800
811,8,20420,1,22800
812,8,20418,1,22800
812,8,20420,1,22800
813,8,20418,1,22800
813,8,20420,1,22800
814,8,20418,1,22800
814,8,20420,1,22800
819,8,20424,1,13800
819,8,20423,1,13800
820,8,20424,1,13800
820,8,20423,1,13800
821,8,20424,1,13800
821,8,20423,1,13800
822,8,20424,1,13800
822,8,20423,1,13800
823,8,20424,1,13800
823,8,20423,1,13800
824,8,20424,2,30900
824,8,20423,2,30900
825,8,20424,2,30900
825,8,20423,2,30900
826,8,20424,2,30900
826,8,20423,2,30900
827,8,20424,2,30900
827,8,20423,2,30900
828,8,20424,2,30900
828,8,20423,2,30900
829,8,20424,3,51000
829,8,20423,3,51000
830,8,20424,3,51000
830,8,20423,3,51000
831,8,20424,3,51000
831,8,20423,3,51000
832,8,20424,3,51000
832,8,20423,3,51000
833,8,20424,3,51000
833,8,20423,3,51000
834,8,20411,1,13800
834,8,20413,1,13800
835,8,20411,1,13800
835,8,20413,1,13800
836,8,20411,1,13800
836,8,20413,1,13800
837,8,20411,1,13800
837,8,20413,1,13800
838,8,20411,1,13800
838,8,20413,1,13800
839,8,20411,2,30900
839,8,20413,2,30900
840,8,20411,2,30900
840,8,20413,2,30900
841,8,20411,2,30900
841,8,20413,2,30900
842,8,20411,2,30900
842,8,20413,2,30900
843,8,20411,2,30900
843,8,20413,2,30900
844,8,20411,3,51000
844,8,20413,3,51000
845,8,20411,3,51000
845,8,20413,3,51000
846,8,20411,3,51000
846,8,20413,3,51000
847,8,20411,3,51000
847,8,20413,3,51000
848,8,20411,3,51000
848,8,20413,3,51000
879,8,20424,1,22800
879,8,20423,1,22800
880,8,20424,1,22800
880,8,20423,1,22800
882,8,20423,1,22800
882,8,20424,1,22800
883,8,20424,1,22800
883,8,20423,1,22800
887,8,20424,1,45600
887,8,20423,1,45600
888,8,20424,1,45600
888,8,20423,1,45600
890,8,20423,1,45600
890,8,20424,1,45600
891,8,20424,1,45600
891,8,20423,1,45600
895,8,20424,1,68100
895,8,20423,1,68100
896,8,20424,1,68100
896,8,20423,1,68100
898,8,20423,1,68100
898,8,20424,1,68100
899,8,20424,1,68100
899,8,20423,1,68100
936,8,20411,2,63900
936,8,20421,2,63900
937,8,20416,2,63900
937,8,20421,2,63900
939,8,20410,2,63900
939,8,20416,2,63900
940,8,20410,2,63900
940,8,20424,2,63900
941,8,20410,2,63900
941,8,20424,2,63900
944,8,20421,2,63900
944,8,20424,2,63900
945,8,20172,2,63900
945,8,20424,2,63900
946,8,20172,2,63900
946,8,20416,2,63900
949,8,20424,2,63900
949,8,25887,2,63900
950,8,20424,2,63900
950,8,25887,2,63900
952,8,20414,2,63900
952,8,25887,2,63900
954,8,20410,2,63900
954,8,20414,2,63900
955,8,20410,2,63900
955,8,20411,2,63900
956,8,20410,2,63900
956,8,20418,2,63900
968,8,20424,8,128100
968,8,25887,8,128100
969,8,20421,8,128100
969,8,20424,8,128100
970,8,20416,8,128100
970,8,20421,8,128100
971,8,20410,8,128100
971,8,20424,8,128100
972,8,20410,8,128100
972,8,20411,8,128100
973,8,20418,8,128100
973,8,20421,8,128100
974,8,20172,8,128100
974,8,20424,8,128100
975,8,20172,8,128100
975,8,20418,8,128100
976,8,20172,8,128100
976,8,20416,8,128100
977,8,20418,8,128100
977,8,25887,8,128100
978,8,20410,8,128100
978,8,20418,8,128100
979,8,20410,8,128100
979,8,20416,8,128100
983,8,20415,8,128100
983,8,25887,8,128100
984,8,20415,8,128100
984,8,25887,8,128100
985,8,20410,8,128100
985,8,20415,8,128100
987,8,20172,8,128100
987,8,20415,8,128100
988,8,20172,8,128100
988,8,20415,8,128100
990,8,20410,8,128100
990,8,20415,8,128100
994,8,20418,32,192000
994,8,25887,32,192000
995,8,20410,32,192000
995,8,20411,32,192000
996,8,20411,32,192000
996,8,20421,32,192000
997,8,20421,32,192000
997,8,20424,32,192000
998,8,20172,32,192000
998,8,20411,32,192000
999,8,20410,32,192000
999,8,20424,32,192000
1010,8,20171,1,13800
1010,8,20414,1,13800
1026,8,20171,2,30900
1026,8,20414,2,30900
1032,8,20171,1,13800
1032,8,20414,1,13800
1067,8,20420,1,13800
1067,8,20415,1,13800
1072,8,20420,1,13800
1072,8,20415,1,13800
1074,8,20417,1,30900
1074,8,20418,1,30900
1075,8,20417,2,30900
1075,8,20418,2,30900
1076,8,20417,2,30900
1076,8,20418,2,30900
1079,8,20417,2,30900
1079,8,20419,2,30900
1096,8,20424,2,13800
1096,8,20418,2,13800
1099,8,20416,1,13800
1099,8,20171,1,13800
1100,8,20416,1,13800
1100,8,20415,1,13800
1102,8,20417,2,30900
1102,8,20419,2,30900
1105,8,20411,1,13800
1105,8,20414,1,13800
1106,8,20411,1,13800
1106,8,20414,1,13800
1109,8,20411,1,13800
1109,8,20414,1,13800
1112,8,20414,1,13800
1112,8,20412,1,13800
1113,8,20414,1,13800
1113,8,20412,1,13800
1114,8,20414,1,13800
1114,8,20412,1,13800
1115,8,20414,1,13800
1115,8,20412,1,13800
1116,8,20412,1,13800
1116,8,20414,1,13800
1117,8,20414,2,30900
1117,8,20412,2,30900
1118,8,20412,2,30900
1118,8,20414,2,30900
1119,8,20414,2,30900
1119,8,20412,2,30900
1120,8,20414,2,30900
1120,8,20412,2,30900
1121,8,20412,2,30900
1121,8,20414,2,30900
1122,8,20414,3,51000
1122,8,20412,3,51000
1123,8,20412,3,51000
1123,8,20414,3,51000
1124,8,20414,3,51000
1124,8,20412,3,51000
1125,8,20412,3,51000
1125,8,20414,3,51000
1126,8,20414,3,51000
1126,8,20412,3,51000
1128,8,20411,2,30900
1128,8,20414,2,30900
1129,8,20171,2,30900
1129,8,20414,2,30900
1132,8,20412,1,22800
1132,8,20414,1,22800
1134,8,20412,1,22800
1134,8,20414,1,22800
1136,8,20412,1,22800
1136,8,20414,1,22800
1137,8,20414,1,22800
1137,8,20412,1,22800
1140,8,20412,1,45600
1140,8,20414,1,45600
1142,8,20412,1,45600
1142,8,20414,1,45600
1144,8,20412,1,45600
1144,8,20414,1,45600
1145,8,20414,1,45600
1145,8,20412,1,45600
1148,8,20412,1,68100
1148,8,20414,1,68100
1150,8,20412,1,68100
1150,8,20414,1,68100
1152,8,20412,1,68100
1152,8,20414,1,68100
1153,8,20414,1,68100
1153,8,20412,1,68100
1154,8,20411,1,22800
1154,8,20413,1,22800
1158,8,20411,1,22800
1158,8,20413,1,22800
1159,8,20411,1,22800
1159,8,20413,1,22800
1161,8,20411,1,22800
1161,8,20413,1,22800
1162,8,20411,1,45600
1162,8,20413,1,45600
1166,8,20411,1,45600
1166,8,20413,1,45600
1167,8,20411,1,45600
1167,8,20413,1,45600
1169,8,20411,1,45600
1169,8,20413,1,45600
1170,8,20411,1,68100
1170,8,20413,1,68100
1174,8,20411,1,68100
1174,8,20413,1,68100
1175,8,20411,1,68100
1175,8,20413,1,68100
1177,8,20411,1,68100
1177,8,20413,1,68100
1186,8,20411,1,13800
1186,8,20414,1,13800
1196,8,20411,2,30900
1196,8,20414,2,30900
1204,8,20416,1,13800
1204,8,20171,1,13800
1208,8,20417,1,51000
1208,8,20418,1,51000
1210,8,20417,2,30900
1210,8,20418,2,30900
1212,8,20417,1,30900
1212,8,20418,1,30900
1214,8,20419,3,23700
1214,8,20418,3,23700
1220,8,20418,1,22800
1220,8,20420,1,22800
1221,8,20418,1,68100
1221,8,20420,1,68100
1245,8,20416,1,13800
1245,8,20415,1,13800
1247,8,20411,1,13800
1247,8,20414,1,13800
1255,8,20171,2,13800
1255,8,20414,2,13800
1265,8,20416,1,13800
1265,8,20171,1,13800
1275,8,20416,1,13800
1275,8,20171,1,13800
1285,8,20416,1,13800
1285,8,20171,1,13800
1295,8,20416,1,13800
1295,8,20171,1,13800
1305,8,20171,1,13800
1305,8,20415,1,13800
1318,8,20416,2,13800
1318,8,20415,2,13800
1334,8,20416,1,13800
1334,8,20415,1,13800
1354,8,20411,2,13800
1354,8,20414,2,13800
1404,8,20416,1,13800
1404,8,20415,1,13800
1446,8,20411,2,13800
1446,8,20414,2,13800
1540,8,20411,2,13800
1540,8,20414,2,13800
1548,8,20415,1,13800
1548,8,20423,1,13800
1552,8,20423,1,13800
1552,8,20415,1,13800
1558,8,20415,1,13800
1558,8,20423,1,13800
1564,8,20415,1,13800
1564,8,20423,1,13800
1809,8,20171,1,30900
1809,8,20414,1,30900
1876,8,20424,2,30900
1876,8,20420,2,30900
1945,8,20415,8,128100
1945,8,20421,8,128100
2007,8,20411,8,128100
2007,8,20421,8,128100
2019,8,20411,2,30900
2019,8,20414,2,30900
2021,8,20411,3,30900
2021,8,20414,3,30900
2023,8,20411,3,51000
2023,8,20414,3,51000
2047,8,20416,2,13800
2047,8,20415,2,13800
2162,8,20418,2,63900
2162,8,20421,2,63900
2174,8,20419,2,15900
2174,8,20418,2,15900
2184,8,20419,2,15900
2184,8,20418,2,15900
2194,8,20419,3,23700
2194,8,20418,3,23700
2204,8,20419,1,7800
2204,8,20418,1,7800
2290,8,20171,2,30900
2290,8,20414,2,30900
2292,8,20171,2,30900
2292,8,20414,2,30900
2294,8,20171,2,30900
2294,8,20414,2,30900
2296,8,20171,2,30900
2296,8,20414,2,30900
2332,8,20171,2,13800
2332,8,20414,2,13800
2445,8,20419,3,23700
2445,8,20418,3,23700
2455,8,20419,1,7800
2455,8,20418,1,7800
2465,8,20419,1,7800
2465,8,20418,1,7800
2477,8,20419,3,23700
2477,8,20418,3,23700
2487,8,20419,1,7800
2487,8,20418,1,7800
2507,8,20418,1,68100
2507,8,20420,1,68100
2509,8,20418,1,68100
2509,8,20420,1,68100
2511,8,20418,1,68100
2511,8,20420,1,68100
2513,8,20418,1,22800
2513,8,20420,1,22800
2515,8,20418,1,22800
2515,8,20420,1,22800
2517,8,20418,1,22800
2517,8,20420,1,22800
2530,8,20171,1,30900
2530,8,20414,1,30900
2538,8,20171,1,30900
2538,8,20414,1,30900
2546,8,20171,1,30900
2546,8,20414,1,30900
2604,8,20416,1,13800
2604,8,20415,1,13800
3243,8,20417,2,30900
3243,8,20419,2,30900
3529,8,20416,2,30900
3529,8,20171,2,30900
3539,8,20416,3,51000
3539,8,20171,3,51000
3567,8,20411,1,13800
3567,8,20414,1,13800
3577,8,20411,3,51000
3577,8,20414,3,51000
3587,8,20171,1,13800
3587,8,20414,1,13800
3597,8,20171,2,30900
3597,8,20414,2,30900
3607,8,20171,3,30900
3607,8,20414,3,30900
3617,8,20171,8,72000
3617,8,20414,8,72000
3654,8,20416,2,30900
3654,8,20415,2,30900
3664,8,20416,3,30900
3664,8,20415,3,30900
3767,8,20172,2,63900
3767,8,20418,2,63900
3830,8,20171,2,13800
3830,8,20414,2,13800
3840,8,20171,3,30900
3840,8,20414,3,30900
3938,8,20415,2,30900
3938,8,20423,2,30900
3942,8,20423,2,30900
3942,8,20415,2,30900
3948,8,20415,2,30900
3948,8,20423,2,30900
3954,8,20415,2,30900
3954,8,20423,2,30900
3978,8,20415,3,51000
3978,8,20423,3,51000
3982,8,20423,3,51000
3982,8,20415,3,51000
3988,8,20415,3,51000
3988,8,20423,3,51000
3994,8,20415,3,51000
3994,8,20423,3,51000
4394,8,20419,2,13800
4394,8,20418,2,13800
4396,8,20417,2,15600
4396,8,20418,2,15600
4398,8,20417,3,23400
4398,8,20418,3,23400
9945,8,20424,2,13800
9945,8,20418,2,13800
10247,8,20419,1,7800
10247,8,20418,1,7800
10630,8,20423,1,13800
10630,8,20420,1,13800
10679,8,20412,1,13800
10679,8,20414,1,13800
10837,8,20171,2,13800
10837,8,20414,2,13800
10839,8,20171,3,30900
10839,8,20414,3,30900
10841,8,20171,3,51000
10841,8,20414,3,51000
11218,8,20416,2,13800
11218,8,20171,2,13800
11228,8,20416,2,13800
11228,8,20171,2,13800
11238,8,20416,2,13800
11238,8,20171,2,13800
11248,8,20416,2,13800
11248,8,20171,2,13800
11258,8,20416,2,13800
11258,8,20171,2,13800
11268,8,20416,2,13800
11268,8,20171,2,13800
11278,8,20416,2,13800
11278,8,20171,2,13800
11280,8,20416,3,51000
11280,8,20171,3,51000
11292,8,20416,1,13800
11292,8,20171,1,13800
11294,8,20416,1,13800
11294,8,20171,1,13800
11296,8,20416,2,13800
11296,8,20171,2,13800
11298,8,20416,2,13800
11298,8,20171,2,13800
11300,8,20416,3,30900
11300,8,20171,3,30900
11302,8,20416,2,13800
11302,8,20171,2,13800
11304,8,20416,2,13800
11304,8,20171,2,13800
11306,8,20416,2,13800
11306,8,20171,2,13800
11356,8,20416,1,13800
11356,8,20171,1,13800
11358,8,20416,2,30900
11358,8,20171,2,30900
11360,8,20416,3,51000
11360,8,20171,3,51000
11562,8,20171,3,30900
11562,8,20414,3,30900
11564,8,20411,1,13800
11564,8,20414,1,13800
11612,8,20424,2,13800
11612,8,20418,2,13800
11613,8,20418,2,13800
11613,8,20414,2,13800
11614,8,20417,2,30900
11614,8,20418,2,30900
11616,8,20424,2,13800
11616,8,20418,2,13800
11617,8,20424,2,30900
11617,8,20418,2,30900
11619,8,20417,2,13800
11619,8,20418,2,13800
11620,8,20417,2,30900
11620,8,20418,2,30900
11621,8,20424,2,30900
11621,8,20418,2,30900
11622,8,20417,2,30900
11622,8,20418,2,30900
11623,8,20417,2,30900
11623,8,20418,2,30900
11624,8,20417,2,30900
11624,8,20418,2,30900
11625,8,20417,2,30900
11625,8,20418,2,30900
11626,8,20417,2,30900
11626,8,20418,2,30900
11628,8,20417,2,30900
11628,8,20418,2,30900
11629,8,20417,2,30900
11629,8,20418,2,30900
11630,8,20417,2,30900
11630,8,20418,2,30900
11631,8,20417,2,30900
11631,8,20418,2,30900
11632,8,20417,2,30900
11632,8,20418,2,30900
11634,8,20417,2,13800
11634,8,20418,2,13800
11770,8,20417,1,30900
11770,8,20418,1,30900
11798,8,20417,1,30900
11798,8,20418,1,30900
11803,8,20417,1,30900
11803,8,20418,1,30900
11820,8,20417,1,13800
11820,8,20418,1,13800
11824,8,20417,1,13800
11824,8,20418,1,13800
11828,8,20417,1,13800
11828,8,20418,1,13800
11832,8,20417,1,13800
11832,8,20418,1,13800
11836,8,20417,1,13800
11836,8,20418,1,13800
12053,8,20420,2,30900
12053,8,20415,2,30900
12055,8,20420,3,51000
12055,8,20415,3,51000
12057,8,20420,2,30900
12057,8,20415,2,30900
12067,8,20420,3,51000
12067,8,20415,3,51000
12109,8,20424,2,36000
12109,8,20413,2,36000
12218,8,20411,2,30900
12218,8,20414,2,30900
12220,8,20411,8,72000
12220,8,20414,8,72000
12226,8,20411,3,51000
12226,8,20414,3,51000
12258,8,20411,2,30900
12258,8,20414,2,30900
12262,8,20411,3,51000
12262,8,20414,3,51000
12266,8,20411,2,30900
12266,8,20414,2,30900
12270,8,20411,3,51000
12270,8,20414,3,51000
12275,8,20424,2,13800
12275,8,20418,2,13800
12297,8,20417,3,81300
12297,8,20419,3,81300
12300,8,20417,6,178800
12300,8,20419,6,178800
12301,8,20417,9,268200
12301,8,20419,9,268200
12345,8,20412,2,30900
12345,8,20414,2,30900
12355,8,20412,3,51000
12355,8,20414,3,51000
12710,8,20417,2,30900
12710,8,20419,2,30900
13000,8,20419,2,72300
13000,8,20414,2,72300
13321,8,20423,3,51000
13321,8,20420,3,51000
15509,8,20419,2,15900
15509,8,20418,2,15900
15511,8,20419,2,15900
15511,8,20418,2,15900
16228,8,20424,16,160200
16228,8,25887,16,160200
16230,8,20410,16,160200
16230,8,20424,16,160200
16232,8,20172,16,160200
16232,8,20424,16,160200
16234,8,20421,16,160200
16234,8,20424,16,160200
16237,8,20411,4,96000
16237,8,20421,4,96000
16239,8,20411,4,96000
16239,8,25887,4,96000
16241,8,20410,4,96000
16241,8,20411,4,96000
16243,8,20172,4,96000
16243,8,20411,4,96000
16279,8,20424,2,36000
16279,8,20413,2,36000
17477,8,20410,8,128100
17477,8,20413,8,128100
17479,8,20410,8,128100
17479,8,20413,8,128100
17481,8,20410,8,128100
17481,8,20413,8,128100
17483,8,20424,2,36000
17483,8,20413,2,36000
17649,8,20412,1,72000
17649,8,20414,1,72000
17651,8,20412,1,72000
17651,8,20414,1,72000
17657,8,20412,1,72000
17657,8,20414,1,72000
17659,8,20412,1,72000
17659,8,20414,1,72000
17665,8,20423,1,72000
17665,8,20424,1,72000
17667,8,20423,1,72000
17667,8,20424,1,72000
17673,8,20423,1,72000
17673,8,20424,1,72000
17679,8,20423,1,72000
17679,8,20424,1,72000
17687,8,20411,1,72000
17687,8,20413,1,72000
17689,8,20411,1,72000
17689,8,20413,1,72000
17693,8,20411,1,72000
17693,8,20413,1,72000
17695,8,20411,1,72000
17695,8,20413,1,72000
17858,8,20418,1,72000
17858,8,20420,1,72000
17860,8,20418,1,72000
17860,8,20420,1,72000
17862,8,20418,1,72000
17862,8,20420,1,72000
17864,8,20418,1,72000
17864,8,20420,1,72000
17939,8,20423,1,51000
17939,8,20420,1,51000
18037,8,20411,3,3300
18037,8,20413,3,3300
18039,8,20411,3,3300
18039,8,20413,3,3300
18041,8,20411,3,3300
18041,8,20413,3,3300
18043,8,20411,3,3300
18043,8,20413,3,3300
18045,8,20411,3,3300
18045,8,20413,3,3300
18047,8,20411,2,3300
18047,8,20413,2,3300
18049,8,20411,2,3300
18049,8,20413,2,3300
18051,8,20411,2,3300
18051,8,20413,2,3300
18053,8,20411,2,3300
18053,8,20413,2,3300
18055,8,20411,3,3300
18055,8,20413,3,3300
18057,8,20411,2,3300
18057,8,20413,2,3300
18059,8,20411,2,3300
18059,8,20413,2,3300
18061,8,20411,2,3300
18061,8,20413,2,3300
18063,8,20411,2,3300
18063,8,20413,2,3300
18065,8,20411,3,3300
18065,8,20413,3,3300
18067,8,20411,2,3300
18067,8,20413,2,3300
18640,8,20423,1,55200
18640,8,20420,1,55200
19745,8,20415,8,128100
19745,8,20421,8,128100
20184,8,20415,64,1485000
20184,8,20421,64,1485000
20186,8,20415,64,1485000
20186,8,25887,64,1485000
20188,8,20410,64,1485000
20188,8,20415,64,1485000
20190,8,20172,64,1485000
20190,8,20415,64,1485000
20281,8,20419,6,1021800
20281,8,20414,6,1021800
20445,8,20411,8,72000
20445,8,20413,8,72000
20447,8,20411,8,72000
20447,8,20413,8,72000
20449,8,20412,8,72000
20449,8,20414,8,72000
20451,8,20412,8,72000
20451,8,20414,8,72000
20453,8,20423,8,72000
20453,8,20424,8,72000
20455,8,20423,8,72000
20455,8,20424,8,72000
20540,8,20420,8,72000
20540,8,20423,8,72000
20702,8,20171,8,72000
20702,8,20416,8,72000
20704,8,20171,8,72000
20704,8,20414,8,72000
21868,8,20418,1,45600
21868,8,20420,1,45600
22176,8,20417,2,30900
22176,8,20418,2,30900
22178,8,20417,2,30900
22178,8,20418,2,30900
22299,8,20415,2,68100
22299,8,20423,2,68100
22300,8,20415,2,68100
22300,8,20423,2,68100
22301,8,20415,2,68100
22301,8,20423,2,68100
22303,8,20415,2,68100
22303,8,20423,2,68100
22304,8,20415,2,68100
22304,8,20423,2,68100
22305,8,20415,2,68100
22305,8,20423,2,68100
22306,8,20415,2,68100
22306,8,20423,2,68100
22307,8,20415,2,68100
22307,8,20423,2,68100
22308,8,20415,2,68100
22308,8,20423,2,68100
22309,8,20415,2,68100
22309,8,20423,2,68100
22310,8,20415,2,68100
22310,8,20423,2,68100
22311,8,20415,2,68100
22311,8,20423,2,68100
22543,8,20424,2,13800
22543,8,20413,2,13800
22554,8,20415,2,68100
22554,8,20423,2,68100
22556,8,20415,2,68100
22556,8,20423,2,68100
22558,8,20415,2,68100
22558,8,20423,2,68100
22577,8,20424,2,13800
22577,8,20413,2,13800
22766,8,20419,3,23700
22766,8,20418,3,23700
23056,8,20418,3,36000
23056,8,20419,3,36000
23058,8,20418,3,36000
23058,8,20419,3,36000
23060,8,20418,3,36000
23060,8,20419,3,36000
23062,8,20418,3,36000
23062,8,20419,3,36000
23524,8,20419,3,23700
23524,8,20418,3,23700
23526,8,20419,3,23700
23526,8,20418,3,23700
23528,8,20419,2,51000
23528,8,20418,2,51000
23534,8,20419,2,30900
23534,8,20418,2,30900
23560,8,20419,3,23700
23560,8,20418,3,23700
23562,8,20419,3,23700
23562,8,20418,3,23700
23564,8,20419,3,23700
23564,8,20418,3,23700
23710,8,20419,2,15900
23710,8,20418,2,15900
23712,8,20419,1,7800
23712,8,20418,1,7800
23718,8,20418,2,15900
23718,8,20419,2,15900
23720,8,20419,1,7800
23720,8,20418,1,7800
24284,8,20414,4,72000
24284,8,20419,4,72000
24349,8,20424,1,13800
24349,8,20413,1,13800
24396,8,20419,2,30900
24396,8,20418,2,30900
24570,8,20171,8,72000
24570,8,20416,8,72000
24645,8,20424,6,681000
24645,8,20413,6,681000
24697,8,20421,16,160200
24697,8,20424,16,160200
24699,8,20424,16,160200
24699,8,25887,16,160200
24701,8,20410,16,160200
24701,8,20424,16,160200
24703,8,20172,16,160200
24703,8,20424,16,160200
25267,8,20417,2,13800
25267,8,20413,2,13800
25562,8,20417,2,13800
25562,8,20418,2,13800
25737,8,20416,3,23400
25737,8,20171,3,23400
25862,8,20413,2,51000
25862,8,20424,2,51000
25889,8,20416,3,23400
25889,8,20171,3,23400
25891,8,20416,3,23400
25891,8,20171,3,23400
25893,8,20416,3,23400
25893,8,20171,3,23400
25895,8,20416,3,23400
25895,8,20171,3,23400
25897,8,20416,3,23400
25897,8,20171,3,23400
25899,8,20416,3,23400
25899,8,20171,3,23400
25901,8,20416,3,23400
25901,8,20171,3,23400
25903,8,20416,3,23400
25903,8,20171,3,23400
25907,8,20171,3,23400
25907,8,20414,3,23400
25909,8,20424,3,23400
25909,8,20418,3,23400
25911,8,20424,3,23400
25911,8,20418,3,23400
25913,8,20424,3,23400
25913,8,20418,3,23400
25915,8,20424,3,23400
25915,8,20418,3,23400
25917,8,20424,3,23400
25917,8,20418,3,23400
25919,8,20424,3,23400
25919,8,20418,3,23400
25921,8,20424,3,23400
25921,8,20418,3,23400
25923,8,20424,3,23400
25923,8,20418,3,23400
25925,8,20424,3,23400
25925,8,20418,3,23400
25929,8,20417,3,23400
25929,8,20418,3,23400
25931,8,20417,3,23400
25931,8,20418,3,23400
25933,8,20417,3,23400
25933,8,20418,3,23400
25935,8,20417,3,23400
25935,8,20418,3,23400
25937,8,20417,3,23400
25937,8,20418,3,23400
25949,8,20411,3,23400
25949,8,20414,3,23400
25951,8,20411,3,23400
25951,8,20414,3,23400
25953,8,20411,3,23400
25953,8,20414,3,23400
25955,8,20411,3,23400
25955,8,20414,3,23400
25957,8,20411,3,23400
25957,8,20414,3,23400
25969,8,20411,3,23400
25969,8,20413,3,23400
25971,8,20411,3,23400
25971,8,20413,3,23400
25973,8,20411,3,23400
25973,8,20413,3,23400
25975,8,20411,3,23400
25975,8,20413,3,23400
25977,8,20411,3,23400
25977,8,20413,3,23400
25979,8,20411,3,23400
25979,8,20413,3,23400
25981,8,20411,3,23400
25981,8,20413,3,23400
25997,8,20424,3,23400
25997,8,20417,3,23400
25999,8,20424,3,23400
25999,8,20417,3,23400
26001,8,20424,3,23400
26001,8,20417,3,23400
26003,8,20424,3,23400
26003,8,20417,3,23400
26005,8,20424,3,23400
26005,8,20417,3,23400
26007,8,20424,3,23400
26007,8,20417,3,23400
26009,8,20424,3,23400
26009,8,20417,3,23400
26017,8,20424,3,23400
26017,8,20420,3,23400
26019,8,20424,2,7200
26019,8,20420,2,7200
26021,8,20424,3,23400
26021,8,20420,3,23400
26023,8,20424,3,23400
26023,8,20420,3,23400
26025,8,20424,2,7200
26025,8,20420,2,7200
26027,8,20424,3,23400
26027,8,20420,3,23400
26029,8,20424,3,23400
26029,8,20420,3,23400
26031,8,20424,3,23400
26031,8,20420,3,23400
26039,8,20424,3,23400
26039,8,20423,3,23400
26041,8,20424,3,23400
26041,8,20423,3,23400
26043,8,20424,3,23400
26043,8,20423,3,23400
26047,8,20424,3,23400
26047,8,20423,3,23400
26049,8,20424,3,23400
26049,8,20423,3,23400
26057,8,20416,3,23400
26057,8,20415,3,23400
26059,8,20416,3,23400
26059,8,20415,3,23400
26061,8,20416,3,23400
26061,8,20415,3,23400
26063,8,20416,3,23400
26063,8,20415,3,23400
26065,8,20416,2,900
26065,8,20415,2,900
26067,8,20416,3,23400
26067,8,20415,3,23400
26069,8,20416,3,23400
26069,8,20415,3,23400
26071,8,20416,3,23400
26071,8,20415,3,23400
26073,8,20416,3,23400
26073,8,20415,3,23400
26077,8,20171,3,23400
26077,8,20414,3,23400
26079,8,20171,3,23400
26079,8,20414,3,23400
26081,8,20171,3,23400
26081,8,20414,3,23400
26083,8,20171,3,23400
26083,8,20414,3,23400
26085,8,20171,3,23400
26085,8,20414,3,23400
26087,8,20171,3,23400
26087,8,20414,3,23400
26089,8,20171,3,23400
26089,8,20414,3,23400
26091,8,20171,3,23400
26091,8,20414,3,23400
26097,8,20417,3,23400
26097,8,20418,3,23400
26101,8,20417,3,23400
26101,8,20418,3,23400
26103,8,20417,3,23400
26103,8,20418,3,23400
26105,8,20417,3,23400
26105,8,20418,3,23400
26107,8,20417,3,23400
26107,8,20418,3,23400
26109,8,20417,3,23400
26109,8,20418,3,23400
26111,8,20417,3,23400
26111,8,20418,3,23400
26113,8,20417,3,23400
26113,8,20418,3,23400
26759,8,20423,2,30900
26759,8,20420,2,30900
26760,8,20418,1,45600
26760,8,20420,1,45600
26761,8,20418,1,45600
26761,8,20420,1,45600
26762,8,20418,1,45600
26762,8,20420,1,45600
26930,8,20417,1,7200
26930,8,20418,1,7200
27022,8,27025,1,300
27022,8,27059,1,300
27065,8,20416,4,30900
27065,8,20171,4,30900
27069,8,20416,1,7200
27069,8,20171,1,7200
27905,8,20416,3,51000
27905,8,20415,3,51000
27915,8,20423,1,29400
27915,8,20420,1,29400
27931,8,20416,2,30900
27931,8,20415,2,30900
27933,8,20416,1,13800
27933,8,20415,1,13800
27935,8,20415,8,72000
27935,8,20416,8,72000
27952,8,20419,6,1021800
27952,8,20414,6,1021800
28584,8,20414,6,1021800
28584,8,20419,6,1021800
28655,8,20417,2,68100
28655,8,20419,2,68100
29249,8,20414,2,63900
29249,8,20421,2,63900
30187,8,20114,3,3600
30187,8,20420,3,3600
30558,8,20114,3,3600
30558,8,20420,3,3600
30562,8,20114,3,3600
30562,8,20420,3,3600
30582,8,20115,3,3600
30582,8,20414,3,3600
30586,8,20115,3,3600
30586,8,20414,3,3600
30588,8,20115,3,3600
30588,8,20414,3,3600
30599,8,20418,3,3600
30599,8,20116,3,3600
30600,8,20418,3,3600
30600,8,20116,3,3600
30605,8,20418,3,3600
30605,8,20116,3,3600
30614,8,11496,3,3600
30614,8,20171,3,3600
30615,8,11496,3,3600
30615,8,20171,3,3600
30618,8,11496,3,3600
30618,8,20171,3,3600
30628,8,20412,3,3600
30628,8,20425,3,3600
30632,8,20412,3,3600
30632,8,20425,3,3600
30633,8,20412,3,3600
30633,8,20425,3,3600
30752,8,20412,3,3600
30752,8,20424,3,3600
30753,8,20412,3,3600
30753,8,20424,3,3600
30754,8,20412,3,3600
30754,8,20424,3,3600
30988,8,20416,1,7200
30988,8,20171,1,7200
30994,8,20416,4,30900
30994,8,20171,4,30900
30998,8,20416,1,7200
30998,8,20171,1,7200
31000,8,20416,2,15600
31000,8,20171,2,15600
31002,8,20416,4,30900
31002,8,20171,4,30900
31010,8,20416,1,7200
31010,8,20171,1,7200
31012,8,20416,2,15600
31012,8,20171,2,15600
31014,8,20416,4,30900
31014,8,20171,4,30900
31022,8,20416,1,7200
31022,8,20171,1,7200
31024,8,20416,2,15600
31024,8,20171,2,15600
31026,8,20416,4,30900
31026,8,20171,4,30900
31034,8,20416,1,7200
31034,8,20171,1,7200
31036,8,20416,2,15600
31036,8,20171,2,15600
31038,8,20416,4,30900
31038,8,20171,4,30900
31046,8,20416,1,7200
31046,8,20171,1,7200
31048,8,20416,2,15600
31048,8,20171,2,15600
31056,8,20416,2,15600
31056,8,20171,2,15600
31064,8,20416,1,7200
31064,8,20171,1,7200
31066,8,20416,2,15600
31066,8,20171,2,15600
31068,8,20416,4,30900
31068,8,20171,4,30900
31074,8,20416,2,15600
31074,8,20171,2,15600
31076,8,20416,4,30900
31076,8,20171,4,30900
31084,8,20416,1,7200
31084,8,20171,1,7200
31086,8,20416,2,15600
31086,8,20171,2,15600
31088,8,20416,4,30900
31088,8,20171,4,30900
31106,8,20416,1,7200
31106,8,20415,1,7200
31108,8,20416,2,15600
31108,8,20415,2,15600
31110,8,20416,4,30900
31110,8,20415,4,30900
31118,8,20416,1,7200
31118,8,20415,1,7200
31120,8,20416,2,15600
31120,8,20415,2,15600
31122,8,20416,4,30900
31122,8,20415,4,30900
31130,8,20416,1,7200
31130,8,20415,1,7200
31132,8,20416,2,15600
31132,8,20415,2,15600
31134,8,20416,4,30900
31134,8,20415,4,30900
31142,8,20416,1,7200
31142,8,20415,1,7200
31144,8,20416,2,15600
31144,8,20415,2,15600
31146,8,20416,4,30900
31146,8,20415,4,30900
31154,8,20416,1,7200
31154,8,20415,1,7200
31156,8,20416,2,15600
31156,8,20415,2,15600
31158,8,20416,4,30900
31158,8,20415,4,30900
31160,8,20416,1,7200
31160,8,20415,1,7200
31162,8,20416,2,15600
31162,8,20415,2,15600
31164,8,20416,4,30900
31164,8,20415,4,30900
31178,8,20416,1,7200
31178,8,20415,1,7200
31180,8,20416,2,15600
31180,8,20415,2,15600
31182,8,20416,4,30900
31182,8,20415,4,30900
31190,8,20416,1,7200
31190,8,20415,1,7200
31192,8,20416,2,15600
31192,8,20415,2,15600
31194,8,20416,4,30900
31194,8,20415,4,30900
31202,8,20417,1,7200
31202,8,20418,1,7200
31204,8,20417,2,15600
31204,8,20418,2,15600
31206,8,20417,4,30900
31206,8,20418,4,30900
31214,8,20417,1,7200
31214,8,20418,1,7200
31216,8,20417,2,15600
31216,8,20418,2,15600
31218,8,20417,4,30900
31218,8,20418,4,30900
31227,8,20417,1,7200
31227,8,20418,1,7200
31229,8,20417,2,15600
31229,8,20418,2,15600
31231,8,20417,4,30900
31231,8,20418,4,30900
31239,8,20417,1,7200
31239,8,20418,1,7200
31241,8,20417,2,15600
31241,8,20418,2,15600
31243,8,20417,4,30900
31243,8,20418,4,30900
31251,8,20417,1,7200
31251,8,20418,1,7200
31253,8,20417,2,15600
31253,8,20418,2,15600
31255,8,20417,4,30900
31255,8,20418,4,30900
31263,8,20417,1,7200
31263,8,20418,1,7200
31265,8,20417,2,15600
31265,8,20418,2,15600
31267,8,20417,4,30900
31267,8,20418,4,30900
31275,8,20417,1,7200
31275,8,20418,1,7200
31277,8,20417,2,15600
31277,8,20418,2,15600
31279,8,20417,4,30900
31279,8,20418,4,30900
31287,8,20417,1,7200
31287,8,20418,1,7200
31289,8,20417,2,15600
31289,8,20418,2,15600
31291,8,20417,4,30900
31291,8,20418,4,30900
31299,8,20417,1,7200
31299,8,20418,1,7200
31301,8,20417,2,15600
31301,8,20418,2,15600
31303,8,20417,4,30900
31303,8,20418,4,30900
31311,8,20417,1,7200
31311,8,20418,1,7200
31313,8,20417,2,15600
31313,8,20418,2,15600
31315,8,20417,4,30900
31315,8,20418,4,30900
31323,8,20417,1,7200
31323,8,20418,1,7200
31325,8,20417,2,15600
31325,8,20418,2,15600
31327,8,20417,4,30900
31327,8,20418,4,30900
31335,8,20417,1,7200
31335,8,20418,1,7200
31337,8,20417,2,15600
31337,8,20418,2,15600
31339,8,20417,4,30900
31339,8,20418,4,30900
31347,8,20417,1,7200
31347,8,20418,1,7200
31349,8,20417,2,15600
31349,8,20418,2,15600
31351,8,20417,4,30900
31351,8,20418,4,30900
31359,8,20411,1,7200
31359,8,20414,1,7200
31361,8,20411,2,15600
31361,8,20414,2,15600
31363,8,20411,4,30900
31363,8,20414,4,30900
31371,8,20411,1,7200
31371,8,20414,1,7200
31373,8,20411,2,15600
31373,8,20414,2,15600
31375,8,20411,4,30900
31375,8,20414,4,30900
31383,8,20411,1,7200
31383,8,20414,1,7200
31385,8,20411,2,15600
31385,8,20414,2,15600
31387,8,20411,4,30900
31387,8,20414,4,30900
31395,8,20411,1,7200
31395,8,20414,1,7200
31397,8,20411,2,15600
31397,8,20414,2,15600
31399,8,20411,4,30900
31399,8,20414,4,30900
31407,8,20411,1,7200
31407,8,20414,1,7200
31409,8,20411,2,15600
31409,8,20414,2,15600
31411,8,20411,4,30900
31411,8,20414,4,30900
31419,8,20411,1,7200
31419,8,20413,1,7200
31421,8,20411,2,15600
31421,8,20413,2,15600
31423,8,20411,4,30900
31423,8,20413,4,30900
31431,8,20411,1,7200
31431,8,20413,1,7200
31433,8,20411,2,15600
31433,8,20413,2,15600
31435,8,20411,4,30900
31435,8,20413,4,30900
31443,8,20411,1,7200
31443,8,20413,1,7200
31445,8,20411,2,15600
31445,8,20413,2,15600
31447,8,20411,4,30900
31447,8,20413,4,30900
31455,8,20411,1,7200
31455,8,20413,1,7200
31457,8,20411,2,15600
31457,8,20413,2,15600
31459,8,20411,4,30900
31459,8,20413,4,30900
31467,8,20411,1,7200
31467,8,20413,1,7200
31469,8,20411,2,15600
31469,8,20413,2,15600
31471,8,20411,4,30900
31471,8,20413,4,30900
31479,8,20411,1,7200
31479,8,20413,1,7200
31481,8,20411,2,15600
31481,8,20413,2,15600
31483,8,20411,4,30900
31483,8,20413,4,30900
31491,8,20411,1,7200
31491,8,20413,1,7200
31493,8,20411,2,15600
31493,8,20413,2,15600
31495,8,20411,4,30900
31495,8,20413,4,30900
31503,8,20424,1,7200
31503,8,20417,1,7200
31505,8,20424,2,15600
31505,8,20417,2,15600
31507,8,20424,4,30900
31507,8,20417,4,30900
31515,8,20424,1,7200
31515,8,20417,1,7200
31517,8,20424,2,15600
31517,8,20417,2,15600
31519,8,20424,4,30900
31519,8,20417,4,30900
31527,8,20424,1,7200
31527,8,20417,1,7200
31529,8,20424,2,15600
31529,8,20417,2,15600
31531,8,20424,4,30900
31531,8,20417,4,30900
31539,8,20424,1,7200
31539,8,20417,1,7200
31541,8,20424,2,15600
31541,8,20417,2,15600
31543,8,20424,4,30900
31543,8,20417,4,30900
31551,8,20424,1,7200
31551,8,20417,1,7200
31553,8,20424,2,15600
31553,8,20417,2,15600
31555,8,20424,4,30900
31555,8,20417,4,30900
31563,8,20424,1,7200
31563,8,20417,1,7200
31565,8,20424,2,15600
31565,8,20417,2,15600
31567,8,20424,4,30900
31567,8,20417,4,30900
31575,8,20424,1,7200
31575,8,20417,1,7200
31577,8,20424,2,15600
31577,8,20417,2,15600
31579,8,20424,4,30900
31579,8,20417,4,30900
31587,8,20424,1,7200
31587,8,20420,1,7200
31589,8,20424,2,15600
31589,8,20420,2,15600
31591,8,20424,4,30900
31591,8,20420,4,30900
31599,8,20424,1,7200
31599,8,20420,1,7200
31601,8,20424,2,15600
31601,8,20420,2,15600
31603,8,20424,4,30900
31603,8,20420,4,30900
31609,8,20424,1,7200
31609,8,20420,1,7200
31611,8,20424,2,15600
31611,8,20420,2,15600
31613,8,20424,4,30900
31613,8,20420,4,30900
31621,8,20424,1,7200
31621,8,20420,1,7200
31623,8,20424,2,15600
31623,8,20420,2,15600
31625,8,20424,4,30900
31625,8,20420,4,30900
31633,8,20424,1,7200
31633,8,20420,1,7200
31635,8,20424,2,15600
31635,8,20420,2,15600
31637,8,20424,4,30900
31637,8,20420,4,30900
31645,8,20424,1,7200
31645,8,20420,1,7200
31647,8,20424,2,15600
31647,8,20420,2,15600
31649,8,20424,4,30900
31649,8,20420,4,30900
31657,8,20424,1,7200
31657,8,20423,1,7200
31659,8,20424,2,15600
31659,8,20423,2,15600
31661,8,20424,4,30900
31661,8,20423,4,30900
31669,8,20424,1,7200
31669,8,20423,1,7200
31671,8,20424,2,15600
31671,8,20423,2,15600
31673,8,20424,4,30900
31673,8,20423,4,30900
31681,8,20424,1,7200
31681,8,20423,1,7200
31683,8,20424,2,15600
31683,8,20423,2,15600
31685,8,20424,4,30900
31685,8,20423,4,30900
31693,8,20424,1,7200
31693,8,20423,1,7200
31695,8,20424,2,15600
31695,8,20423,2,15600
31697,8,20424,4,30900
31697,8,20423,4,30900
31705,8,20424,1,7200
31705,8,20423,1,7200
31707,8,20424,2,15600
31707,8,20423,2,15600
31709,8,20424,4,30900
31709,8,20423,4,30900
31717,8,20171,1,7200
31717,8,20414,1,7200
31719,8,20171,2,15600
31719,8,20414,2,15600
31721,8,20171,4,30900
31721,8,20414,4,30900
31729,8,20171,1,7200
31729,8,20414,1,7200
31731,8,20171,2,15600
31731,8,20414,2,15600
31733,8,20171,4,30900
31733,8,20414,4,30900
31741,8,20171,1,7200
31741,8,20414,1,7200
31743,8,20171,2,15600
31743,8,20414,2,15600
31745,8,20171,4,30900
31745,8,20414,4,30900
31753,8,20171,1,7200
31753,8,20414,1,7200
31755,8,20171,2,15600
31755,8,20414,2,15600
31757,8,20171,4,30900
31757,8,20414,4,30900
31765,8,20171,1,7200
31765,8,20414,1,7200
31767,8,20171,2,15600
31767,8,20414,2,15600
31769,8,20171,4,30900
31769,8,20414,4,30900
31777,8,20171,1,7200
31777,8,20414,1,7200
31779,8,20171,2,15600
31779,8,20414,2,15600
31781,8,20171,4,30900
31781,8,20414,4,30900
31789,8,20171,1,7200
31789,8,20414,1,7200
31791,8,20171,2,15600
31791,8,20414,2,15600
31793,8,20171,4,30900
31793,8,20414,4,30900
31801,8,20171,1,7200
31801,8,20414,1,7200
31803,8,20171,2,15600
31803,8,20414,2,15600
31805,8,20171,4,30900
31805,8,20414,4,30900
31817,8,20171,1,7200
31817,8,20414,1,7200
31819,8,20171,2,15600
31819,8,20414,2,15600
31821,8,20171,4,30900
31821,8,20414,4,30900
32026,8,20424,1,7200
32026,8,20418,1,7200
32028,8,20424,2,15600
32028,8,20418,2,15600
32034,8,20424,1,7200
32034,8,20418,1,7200
32036,8,20424,2,15600
32036,8,20418,2,15600
32042,8,20424,1,7200
32042,8,20418,1,7200
32044,8,20424,2,15600
32044,8,20418,2,15600
32050,8,20424,1,7200
32050,8,20418,1,7200
32052,8,20424,2,15600
32052,8,20418,2,15600
32058,8,20424,1,7200
32058,8,20418,1,7200
32060,8,20424,2,15600
32060,8,20418,2,15600
32066,8,20424,1,7200
32066,8,20418,1,7200
32068,8,20424,2,15600
32068,8,20418,2,15600
32070,8,20424,1,7200
32070,8,20418,1,7200
32072,8,20424,2,15600
32072,8,20418,2,15600
32082,8,20424,1,7200
32082,8,20418,1,7200
32084,8,20424,2,15600
32084,8,20418,2,15600
32090,8,20424,1,7200
32090,8,20418,1,7200
32092,8,20424,2,15600
32092,8,20418,2,15600
32326,8,20418,3,36000
32326,8,20419,3,36000
32341,8,20418,3,36000
32341,8,20419,3,36000
32343,8,20418,3,36000
32343,8,20419,3,36000
32345,8,20418,3,36000
32345,8,20419,3,36000
32437,8,20418,1,72000
32437,8,20420,1,72000
32439,8,20418,1,72000
32439,8,20420,1,72000
32441,8,20418,1,72000
32441,8,20420,1,72000
32443,8,20418,1,72000
32443,8,20420,1,72000
32445,8,20420,8,72000
32445,8,20423,8,72000
32873,8,20410,4,96000
32873,8,20411,4,96000
32875,8,20411,4,96000
32875,8,20421,4,96000
32877,8,20411,4,96000
32877,8,25887,4,96000
32879,8,20172,4,96000
32879,8,20411,4,96000
32881,8,20410,2,63900
32881,8,20413,2,63900
32982,8,20418,1,7800
32982,8,20419,1,7800
33177,8,20417,2,30900
33177,8,20418,2,30900
33179,8,20417,2,30900
33179,8,20418,2,30900
33181,8,20417,2,30900
33181,8,20418,2,30900
33271,8,20424,1,51000
33271,8,20420,1,51000
33278,8,20424,4,30900
33278,8,20418,4,30900
33282,8,20424,4,30900
33282,8,20418,4,30900
33286,8,20424,4,30900
33286,8,20418,4,30900
33290,8,20424,4,30900
33290,8,20418,4,30900
33294,8,20424,4,30900
33294,8,20418,4,30900
33299,8,20424,4,30900
33299,8,20418,4,30900
33304,8,20417,4,30900
33304,8,20418,4,30900
33308,8,20424,4,30900
33308,8,20418,4,30900
33312,8,20424,4,30900
33312,8,20418,4,30900
33449,8,20423,6,104400
33449,8,20420,6,104400
33672,8,20419,3,23700
33672,8,20418,3,23700
33705,8,20419,2,15900
33705,8,20418,2,15900
33707,8,20419,1,7800
33707,8,20418,1,7800
33823,8,20419,2,13800
33823,8,20418,2,13800
33891,8,20416,1,7200
33891,8,20171,1,7200
33895,8,20416,2,15600
33895,8,20171,2,15600
33899,8,20416,3,23400
33899,8,20171,3,23400
33903,8,20416,4,30900
33903,8,20171,4,30900
34412,8,20412,3,3600
34412,8,20424,3,3600
34414,8,20412,3,3600
34414,8,20424,3,3600
34416,8,20412,3,3600
34416,8,20424,3,3600
34594,8,20418,3,68000
34594,8,20419,3,68000
35772,8,20418,2,13800
35772,8,20424,2,13800
35791,8,20418,2,30900
35791,8,20424,2,30900
36949,8,NULL,NULL,0
37008,8,20420,10,72000
37008,8,20423,10,72000
37020,8,20418,10,72000
37020,8,20424,10,72000
37028,8,20417,10,72000
37028,8,20418,10,72000
37029,8,20411,10,72000
37029,8,20423,10,72000
37041,8,20417,10,72000
37041,8,20418,10,72000
37043,8,20411,10,72000
37043,8,20414,10,72000
37044,8,20411,10,72000
37044,8,20414,10,72000
37045,8,20418,10,72000
37045,8,20424,10,72000
37047,8,20420,10,72000
37047,8,20423,10,72000
37048,8,20420,10,72000
37048,8,20423,10,72000
37060,8,20411,10,72000
37060,8,20414,10,72000
37066,8,20417,10,72000
37066,8,20418,10,72000
37080,8,20417,10,72000
37080,8,20419,10,72000
37081,8,20417,10,72000
37081,8,20419,10,72000
37083,8,20417,10,72000
37083,8,20418,10,72000
37087,8,20417,10,72000
37087,8,20419,10,72000
37287,8,20415,2,15600
37287,8,20416,2,15600
37309,8,20418,3,23400
37309,8,20419,3,23400
37310,8,20418,4,30900
37310,8,20419,4,30900
37312,8,20415,2,15600
37312,8,20416,2,15600
37315,8,20415,2,15600
37315,8,20416,2,15600
37317,8,20415,2,15600
37317,8,20416,2,15600
37319,8,20415,2,15600
37319,8,20416,2,15600
37321,8,20415,2,15600
37321,8,20416,2,15600
37323,8,20418,2,15600
37323,8,20419,2,15600
37325,8,20418,2,15600
37325,8,20419,2,15600
37327,8,20418,2,15600
37327,8,20419,2,15600
37330,8,20418,3,23400
37330,8,20419,3,23400
37332,8,20418,3,23400
37332,8,20419,3,23400
37334,8,20418,3,23400
37334,8,20419,3,23400
37338,8,20418,3,23400
37338,8,20419,3,23400
37340,8,20412,3,23400
37340,8,20414,3,23400
37343,8,20418,4,30900
37343,8,20419,4,30900
37346,8,20415,4,30900
37346,8,20416,4,30900
37347,8,20415,2,15600
37347,8,20416,2,15600
37349,8,20415,2,15600
37349,8,20416,2,15600
37352,8,20418,2,15600
37352,8,20419,2,15600
37354,8,20418,2,15600
37354,8,20419,2,15600
37356,8,20418,2,15600
37356,8,20419,2,15600
37358,8,20418,3,23400
37358,8,20419,3,23400
37360,8,20415,3,23400
37360,8,20416,3,23400
37364,8,20412,3,23400
37364,8,20414,3,23400
37366,8,20412,3,23400
37366,8,20414,3,23400
37368,8,20412,3,23400
37368,8,20414,3,23400
37370,8,20412,3,23400
37370,8,20414,3,23400
37372,8,20418,4,30900
37372,8,20419,4,30900
37374,8,20415,4,30900
37374,8,20416,4,30900
37376,8,20418,4,30900
37376,8,20419,4,30900
37378,8,20420,2,15600
37378,8,20423,2,15600
37380,8,20420,2,15600
37380,8,20423,2,15600
37382,8,20411,2,15600
37382,8,20414,2,15600
37384,8,20411,2,15600
37384,8,20414,2,15600
37386,8,20418,2,15600
37386,8,20419,2,15600
37388,8,20418,2,15600
37388,8,20419,2,15600
37390,8,20411,2,15600
37390,8,20414,2,15600
37392,8,20411,2,15600
37392,8,20414,2,15600
37394,8,20417,2,15600
37394,8,20418,2,15600
37396,8,20417,2,15600
37396,8,20418,2,15600
37398,8,20171,2,15600
37398,8,20424,2,15600
37400,8,20171,2,15600
37400,8,20424,2,15600
37402,8,20171,2,15600
37402,8,20414,2,15600
37404,8,20171,2,15600
37404,8,20424,2,15600
37406,8,20171,2,15600
37406,8,20414,2,15600
37408,8,20171,2,15600
37408,8,20424,2,15600
37410,8,20420,3,23400
37410,8,20423,3,23400
37413,8,20411,3,23400
37413,8,20414,3,23400
37415,8,20418,3,23400
37415,8,20419,3,23400
37417,8,20411,3,23400
37417,8,20414,3,23400
37419,8,20420,3,23400
37419,8,20423,3,23400
37421,8,20418,3,23400
37421,8,20419,3,23400
37423,8,20417,3,23400
37423,8,20418,3,23400
37425,8,20171,3,23400
37425,8,20424,3,23400
37427,8,20171,3,23400
37427,8,20424,3,23400
37429,8,20171,3,23400
37429,8,20424,3,23400
37431,8,20420,4,30900
37431,8,20423,4,30900
37433,8,20418,4,30900
37433,8,20419,4,30900
37435,8,20411,4,30900
37435,8,20414,4,30900
37437,8,20171,4,30900
37437,8,20414,4,30900
37441,8,20171,4,30900
37441,8,20424,4,30900
37443,8,20413,2,15600
37443,8,20423,2,15600
37445,8,20413,3,23400
37445,8,20423,3,23400
37447,8,20413,4,30900
37447,8,20423,4,30900
37449,8,20415,2,15600
37449,8,20416,2,15600
37541,8,20417,10,72000
37541,8,20418,10,72000
38660,8,20413,2,13800
38660,8,20424,2,13800
40338,8,20417,2,30900
40338,8,20418,2,30900
40672,8,20411,8,72000
40672,8,20414,8,72000
40684,8,20411,8,72000
40684,8,20414,8,72000
40719,8,20415,8,72000
40719,8,20416,8,72000
40740,8,20417,8,72000
40740,8,20419,8,72000
40751,8,20417,8,72000
40751,8,20419,8,72000
41068,8,20411,8,72000
41068,8,20413,8,72000
41085,8,20412,8,72000
41085,8,20414,8,72000
41092,8,20423,8,72000
41092,8,20424,8,72000
41221,8,20417,3,51000
41221,8,20419,3,51000
41225,8,20420,8,72000
41225,8,20423,8,72000
41242,8,20415,8,72000
41242,8,20420,8,72000
41256,8,20415,8,72000
41256,8,20420,8,72000
41355,8,20418,3,36000
41355,8,20419,3,36000
41361,8,20418,3,36000
41361,8,20419,3,36000
41363,8,20418,3,36000
41363,8,20419,3,36000
41365,8,20418,3,36000
41365,8,20419,3,36000
41367,8,20418,3,36000
41367,8,20419,3,36000
41369,8,20418,3,36000
41369,8,20419,3,36000
41371,8,20418,3,36000
41371,8,20419,3,36000
41373,8,20418,3,36000
41373,8,20419,3,36000
41376,8,20418,3,36000
41376,8,20419,3,36000
41379,8,20418,3,36000
41379,8,20419,3,36000
41382,8,20418,3,36000
41382,8,20419,3,36000
41385,8,20418,3,36000
41385,8,20419,3,36000
41431,8,20413,2,15600
41431,8,20423,2,15600
41433,8,20413,2,15600
41433,8,20423,2,15600
41435,8,20413,3,23400
41435,8,20423,3,23400
41437,8,20413,2,15600
41437,8,20423,2,15600
41599,8,20171,8,72000
41599,8,20414,8,72000
41607,8,20171,8,72000
41607,8,20416,8,72000
41627,8,20415,8,72000
41627,8,20416,8,72000
41628,8,20415,8,72000
41628,8,20416,8,72000
41629,8,20415,8,72000
41629,8,20416,8,72000
41639,8,20411,8,72000
41639,8,20414,8,72000
41644,8,20411,8,72000
41644,8,20414,8,72000
41657,8,20171,8,72000
41657,8,20416,8,72000
41662,8,20171,8,72000
41662,8,20414,8,72000
43544,8,20415,2,68100
43544,8,20423,2,68100
43545,8,20415,2,68100
43545,8,20423,2,68100
43546,8,20415,2,68100
43546,8,20423,2,68100
43547,8,20415,2,68100
43547,8,20423,2,68100
43548,8,20415,2,68100
43548,8,20423,2,68100
43911,8,20418,1,31200
43911,8,20419,1,31200
44002,8,20418,2,15600
44002,8,20419,2,15600
44004,8,20418,2,15600
44004,8,20419,2,15600
44006,8,20418,2,15600
44006,8,20419,2,15600
44008,8,20418,2,15600
44008,8,20419,2,15600
44010,8,20418,2,15600
44010,8,20419,2,15600
44012,8,20418,2,15600
44012,8,20419,2,15600
44014,8,20418,2,15600
44014,8,20419,2,15600
44016,8,20418,2,15600
44016,8,20419,2,15600
44018,8,20418,2,15600
44018,8,20419,2,15600
44020,8,20418,2,15600
44020,8,20419,2,15600
44022,8,20418,2,15600
44022,8,20419,2,15600
44024,8,20418,2,15600
44024,8,20419,2,15600
44026,8,20418,2,15600
44026,8,20419,2,15600
44028,8,20418,2,15600
44028,8,20419,2,15600
44030,8,20418,2,15600
44030,8,20419,2,15600
44032,8,20418,2,15600
44032,8,20419,2,15600
44034,8,20418,2,15600
44034,8,20419,2,15600
44036,8,20418,2,15600
44036,8,20419,2,15600
44038,8,20418,2,15600
44038,8,20419,2,15600
44040,8,20418,2,15600
44040,8,20419,2,15600
44042,8,20418,2,15600
44042,8,20419,2,15600
44044,8,20418,2,15600
44044,8,20419,2,15600
44046,8,20418,2,15600
44046,8,20419,2,15600
44048,8,20418,2,15600
44048,8,20419,2,15600
44050,8,20415,2,15600
44050,8,20416,2,15600
44052,8,20415,2,15600
44052,8,20416,2,15600
44054,8,20415,2,15600
44054,8,20416,2,15600
44056,8,20415,2,15600
44056,8,20416,2,15600
44058,8,20415,2,15600
44058,8,20416,2,15600
44060,8,20415,2,15600
44060,8,20416,2,15600
44062,8,20415,2,15600
44062,8,20416,2,15600
44064,8,20415,2,15600
44064,8,20416,2,15600
44074,8,20418,3,23400
44074,8,20419,3,23400
44076,8,20418,3,23400
44076,8,20419,3,23400
44078,8,20418,3,23400
44078,8,20419,3,23400
44080,8,20418,3,23400
44080,8,20419,3,23400
44082,8,20418,3,23400
44082,8,20419,3,23400
44084,8,20415,3,23400
44084,8,20416,3,23400
44086,8,20418,3,23400
44086,8,20419,3,23400
44088,8,20418,3,23400
44088,8,20419,3,23400
44090,8,20415,3,23400
44090,8,20416,3,23400
44092,8,20415,3,23400
44092,8,20416,3,23400
44094,8,20418,3,23400
44094,8,20419,3,23400
44096,8,20415,3,23400
44096,8,20416,3,23400
46350,8,20411,3,3300
46350,8,20413,3,3300
46352,8,20411,3,3300
46352,8,20413,3,3300
46357,8,20411,3,3300
46357,8,20413,3,3300
46359,8,20411,3,3300
46359,8,20413,3,3300
46361,8,20411,3,3300
46361,8,20413,3,3300
46501,8,20412,2,23400
46501,8,20414,2,23400
46503,8,20412,2,15600
46503,8,20414,2,15600
46505,8,20412,2,15600
46505,8,20414,2,15600
46506,8,20412,2,15600
46506,8,20414,2,15600
46508,8,20412,2,15600
46508,8,20414,2,15600
46510,8,20415,2,15600
46510,8,20416,2,15600
46512,8,20415,2,15600
46512,8,20416,2,15600
46514,8,20418,2,15600
46514,8,20419,2,15600
46516,8,20418,2,15600
46516,8,20419,2,15600
46518,8,20413,3,23400
46518,8,20423,3,23400
46643,8,20413,2,15600
46643,8,20423,2,15600
46645,8,20413,2,15600
46645,8,20423,2,15600
46647,8,20413,2,15600
46647,8,20423,2,15600
46649,8,20413,3,23400
46649,8,20423,3,23400
46651,8,20413,3,23400
46651,8,20423,3,23400
47208,8,20418,3,36000
47208,8,20419,3,36000
47209,8,20418,3,36000
47209,8,20419,3,36000
47210,8,20418,3,36000
47210,8,20419,3,36000
47211,8,20418,3,36000
47211,8,20419,3,36000
47213,8,20418,3,36000
47213,8,20419,3,36000
47216,8,20418,3,36000
47216,8,20419,3,36000
47219,8,20418,3,36000
47219,8,20419,3,36000
47222,8,20418,3,36000
47222,8,20419,3,36000
47224,8,20418,3,36000
47224,8,20419,3,36000
47226,8,20418,3,36000
47226,8,20419,3,36000
47228,8,20418,3,36000
47228,8,20419,3,36000
47230,8,20418,3,36000
47230,8,20419,3,36000
47233,8,20418,3,36000
47233,8,20419,3,36000
47234,8,20418,3,36000
47234,8,20419,3,36000
47235,8,20418,3,36000
47235,8,20419,3,36000
47236,8,20418,3,36000
47236,8,20419,3,36000
47241,8,20418,3,36000
47241,8,20419,3,36000
47243,8,20418,3,36000
47243,8,20419,3,36000
47245,8,20418,3,36000
47245,8,20419,3,36000
47247,8,20418,3,36000
47247,8,20419,3,36000
47259,8,20415,2,13800
47259,8,20416,2,13800
47354,8,20411,10,72000
47354,8,20414,10,72000
47357,8,20411,10,72000
47357,8,20414,10,72000
47361,8,20171,10,72000
47361,8,20416,10,72000
47966,8,20410,2,63900
47966,8,52309,2,63900
47967,8,25887,8,128100
47967,8,52309,8,128100
47969,8,20411,1,13800
47969,8,20413,1,13800
47971,8,20411,2,30900
47971,8,20413,2,30900
47973,8,20411,3,51000
47973,8,20413,3,51000
48095,8,20418,2,13800
48095,8,20424,2,13800
48097,8,20411,1,22800
48097,8,20413,1,22800
48099,8,20411,1,22800
48099,8,20413,1,22800
48102,8,20411,1,45600
48102,8,20413,1,45600
48104,8,20411,1,45600
48104,8,20413,1,45600
48107,8,20411,1,68100
48107,8,20413,1,68100
48109,8,20411,1,68100
48109,8,20413,1,68100
49714,8,20172,4,96000
49714,8,52309,4,96000
49716,8,20421,8,128100
49716,8,52309,8,128100
49775,8,20171,2,30900
49775,8,20416,2,30900
54845,8,20412,1,13800
54845,8,20414,1,13800
54852,8,20412,2,30900
54852,8,20414,2,30900
54857,8,20412,3,51000
54857,8,20414,3,51000
54861,8,20412,1,22800
54861,8,20414,1,22800
54862,8,20412,1,22800
54862,8,20414,1,22800
54863,8,20412,1,22800
54863,8,20414,1,22800
54864,8,20412,1,22800
54864,8,20414,1,22800
54865,8,20412,1,45600
54865,8,20414,1,45600
54866,8,20412,1,45600
54866,8,20414,1,45600
54867,8,20412,1,45600
54867,8,20414,1,45600
54868,8,20412,1,45600
54868,8,20414,1,45600
54869,8,20412,1,68100
54869,8,20414,1,68100
54870,8,20412,1,68100
54870,8,20414,1,68100
54871,8,20412,1,68100
54871,8,20414,1,68100
54872,8,20412,1,68100
54872,8,20414,1,68100
54873,8,20418,2,13800
54873,8,20424,2,13800
